-- MariaDB dump 10.19  Distrib 10.5.16-MariaDB, for Linux (x86_64)
--
-- Host: localhost    Database: Projet_Java
-- ------------------------------------------------------
-- Server version	10.5.16-MariaDB

/*!40101 SET @OLD_CHARACTER_SET_CLIENT=@@CHARACTER_SET_CLIENT */;
/*!40101 SET @OLD_CHARACTER_SET_RESULTS=@@CHARACTER_SET_RESULTS */;
/*!40101 SET @OLD_COLLATION_CONNECTION=@@COLLATION_CONNECTION */;
/*!40101 SET NAMES utf8mb4 */;
/*!40103 SET @OLD_TIME_ZONE=@@TIME_ZONE */;
/*!40103 SET TIME_ZONE='+00:00' */;
/*!40014 SET @OLD_UNIQUE_CHECKS=@@UNIQUE_CHECKS, UNIQUE_CHECKS=0 */;
/*!40014 SET @OLD_FOREIGN_KEY_CHECKS=@@FOREIGN_KEY_CHECKS, FOREIGN_KEY_CHECKS=0 */;
/*!40101 SET @OLD_SQL_MODE=@@SQL_MODE, SQL_MODE='NO_AUTO_VALUE_ON_ZERO' */;
/*!40111 SET @OLD_SQL_NOTES=@@SQL_NOTES, SQL_NOTES=0 */;

--
-- Table structure for table `compteRendu`
--

DROP TABLE IF EXISTS `compteRendu`;
/*!40101 SET @saved_cs_client     = @@character_set_client */;
/*!40101 SET character_set_client = utf8 */;
CREATE TABLE `compteRendu` (
  `id` int(11) NOT NULL AUTO_INCREMENT,
  `confiance` varchar(20) NOT NULL,
  `lisibilite` varchar(20) NOT NULL,
  `probleme` varchar(300) DEFAULT NULL,
  `idRDV` int(11) NOT NULL,
  `idUser` int(11) NOT NULL,
  `idMedecin` int(11) NOT NULL,
  PRIMARY KEY (`id`),
  KEY `idRDV` (`idRDV`),
  KEY `idUser` (`idUser`),
  KEY `idMedecin` (`idMedecin`),
  CONSTRAINT `compteRendu_ibfk_1` FOREIGN KEY (`idRDV`) REFERENCES `rendezvous` (`id`),
  CONSTRAINT `compteRendu_ibfk_2` FOREIGN KEY (`idUser`) REFERENCES `user` (`id`),
  CONSTRAINT `compteRendu_ibfk_3` FOREIGN KEY (`idMedecin`) REFERENCES `medecin` (`id`)
) ENGINE=InnoDB AUTO_INCREMENT=14 DEFAULT CHARSET=utf8;
/*!40101 SET character_set_client = @saved_cs_client */;

--
-- Dumping data for table `compteRendu`
--

LOCK TABLES `compteRendu` WRITE;
/*!40000 ALTER TABLE `compteRendu` DISABLE KEYS */;
INSERT INTO `compteRendu` VALUES (1,'Peu Confiant','Peu Lisible','Dommage',265,1,12),(10,'Confiant','Lisible','Risque majeur pour la santé, la chloryxidrine ne peu etre ingérer',292,9,7),(11,'Peu Confiant','Peu Lisible','Aucun problème',292,9,7),(12,'Confiant','Lisible','Aucun problème',223,44,2),(13,'Confiant','Lisible','Problème de dossage',8,118,13);
/*!40000 ALTER TABLE `compteRendu` ENABLE KEYS */;
UNLOCK TABLES;

--
-- Table structure for table `medecin`
--

DROP TABLE IF EXISTS `medecin`;
/*!40101 SET @saved_cs_client     = @@character_set_client */;
/*!40101 SET character_set_client = utf8 */;
CREATE TABLE `medecin` (
  `id` int(11) NOT NULL AUTO_INCREMENT,
  `nom` varchar(100) NOT NULL,
  `adresse` varchar(100) NOT NULL,
  `tel` int(11) DEFAULT NULL,
  `mail` varchar(100) DEFAULT NULL,
  PRIMARY KEY (`id`)
) ENGINE=InnoDB AUTO_INCREMENT=60 DEFAULT CHARSET=utf8;
/*!40101 SET character_set_client = @saved_cs_client */;

--
-- Dumping data for table `medecin`
--

LOCK TABLES `medecin` WRITE;
/*!40000 ALTER TABLE `medecin` DISABLE KEYS */;
INSERT INTO `medecin` VALUES (1,'Ludgate','83911 Corscot Circle',1198695927,'mludgate2@wufoo.com'),(2,'Dobrovolny','1 Granby Center',2142379406,'hdobrovolny3@hud.gov'),(3,'Beadell','23 Buhler Point',2109003016,'wbeadell9@sogou.com'),(4,'Ickovits','7 Spohn Junction',1748054040,'dickovitsb@cnn.com'),(5,'Burge','2268 Vahlen Alley',1185163215,'fburgec@meetup.com'),(6,'Boyet','077 Monument Circle',1947925938,'aboyete@comsenz.com'),(7,'Wyley','17113 Moland Pass',1283637473,'owyleyh@harvard.edu'),(8,'Bootman','40 Lakewood Terrace',1416041851,'gbootmanu@qq.com'),(9,'Yakubovich','25 Eliot Point',1007844701,'cyakubovichx@wikipedia.org'),(10,'Noriega','020 Sullivan Avenue',1697753318,'bnoriega11@nymag.com'),(11,'Mitton','39 Cardinal Alley',2137925040,'amitton1f@plala.or.jp'),(12,'Siemantel','43176 Golden Leaf Plaza',2066145652,'lsiemantel1k@wikipedia.org'),(13,'Ruller','0326 La Follette Pass',1471030144,'jruller1m@cnet.com');
/*!40000 ALTER TABLE `medecin` ENABLE KEYS */;
UNLOCK TABLES;

--
-- Table structure for table `rendezvous`
--

DROP TABLE IF EXISTS `rendezvous`;
/*!40101 SET @saved_cs_client     = @@character_set_client */;
/*!40101 SET character_set_client = utf8 */;
CREATE TABLE `rendezvous` (
  `id` int(11) NOT NULL AUTO_INCREMENT,
  `nom` varchar(100) NOT NULL,
  `date` datetime NOT NULL,
  `idUser` int(11) NOT NULL,
  `idMedecin` int(11) NOT NULL,
  `visited` tinyint(1) DEFAULT 0,
  PRIMARY KEY (`id`),
  KEY `idUser` (`idUser`),
  KEY `idMedecin` (`idMedecin`),
  CONSTRAINT `rendezvous_ibfk_1` FOREIGN KEY (`idUser`) REFERENCES `user` (`id`),
  CONSTRAINT `rendezvous_ibfk_2` FOREIGN KEY (`idMedecin`) REFERENCES `medecin` (`id`)
) ENGINE=InnoDB AUTO_INCREMENT=602 DEFAULT CHARSET=utf8;
/*!40101 SET character_set_client = @saved_cs_client */;

--
-- Dumping data for table `rendezvous`
--

LOCK TABLES `rendezvous` WRITE;
/*!40000 ALTER TABLE `rendezvous` DISABLE KEYS */;
INSERT INTO `rendezvous` VALUES (1,'Porphyrio porphyrio','2022-12-21 13:29:49',122,5,0),(2,'Choloepus hoffmani','2022-07-10 06:42:32',188,4,0),(3,'Varanus salvator','2021-11-18 07:12:37',91,10,0),(4,'Castor fiber','2022-07-21 14:25:30',113,10,0),(5,'Phalaropus lobatus','2022-09-02 05:06:43',213,3,0),(6,'Mirounga leonina','2022-08-24 03:06:27',287,9,0),(7,'Phasianus colchicus','2022-12-25 00:10:25',5,6,0),(8,'Kobus defassa','2022-09-23 12:28:40',118,13,1),(9,'Castor fiber','2021-12-27 22:26:52',70,12,0),(10,'Phalacrocorax niger','2022-01-02 23:41:49',181,3,0),(11,'Semnopithecus entellus','2023-01-10 04:47:02',53,1,0),(12,'Canis aureus','2022-03-12 08:42:03',150,2,0),(13,'Centrocercus urophasianus','2022-03-22 02:49:47',262,2,0),(14,'Butorides striatus','2022-02-20 17:29:23',294,11,0),(15,'Kobus defassa','2022-08-21 16:38:14',221,5,0),(16,'Cyrtodactylus louisiadensis','2021-09-11 06:54:08',109,6,0),(17,'Podargus strigoides','2022-10-12 04:01:53',79,6,0),(18,'Cynictis penicillata','2021-11-07 20:56:53',60,10,0),(19,'Antidorcas marsupialis','2023-01-09 06:20:47',151,1,0),(20,'Upupa epops','2022-12-05 21:09:48',102,5,0),(21,'Alopex lagopus','2022-11-23 20:52:20',6,12,0),(22,'Casmerodius albus','2022-05-16 04:30:10',257,6,0),(23,'Odocoilenaus virginianus','2022-05-01 08:45:49',72,6,0),(24,'unavailable','2022-10-29 05:39:31',1,8,0),(25,'Ardea cinerea','2022-11-23 03:48:08',47,13,0),(26,'Agkistrodon piscivorus','2022-06-05 21:06:47',192,4,0),(27,'Procyon lotor','2022-07-05 06:32:37',106,1,0),(28,'Papio ursinus','2022-05-02 12:04:43',232,2,0),(29,'Dasyurus maculatus','2022-10-14 05:29:18',191,11,0),(30,'Tragelaphus strepsiceros','2021-11-23 15:43:36',192,13,0),(31,'Tachybaptus ruficollis','2022-12-24 02:12:59',299,2,0),(32,'Neotis denhami','2021-10-30 13:06:33',33,4,0),(33,'Suricata suricatta','2021-12-13 00:46:16',201,10,0),(34,'Laniaurius atrococcineus','2021-12-13 02:58:07',7,1,0),(35,'Castor canadensis','2021-10-30 13:45:38',112,5,0),(36,'Haliaeetus leucocephalus','2022-08-20 07:28:10',167,13,0),(37,'Varanus salvator','2022-06-11 02:26:36',196,1,0),(38,'Casmerodius albus','2022-01-22 17:28:26',262,5,0),(39,'Mazama americana','2021-10-17 18:04:24',174,6,0),(40,'unavailable','2022-11-08 10:27:42',164,13,0),(41,'Pytilia melba','2022-05-02 00:13:28',119,11,0),(42,'Corvus albus','2021-12-21 19:21:29',113,10,0),(43,'Lorythaixoides concolor','2022-02-15 12:26:37',154,4,0),(44,'Lamprotornis superbus','2022-12-06 20:02:54',253,4,0),(45,'Gopherus agassizii','2021-11-11 06:49:53',68,5,0),(46,'Phoenicopterus ruber','2022-05-22 16:18:12',4,3,0),(47,'Varanus salvator','2022-06-23 13:34:55',213,3,0),(48,'Alligator mississippiensis','2022-04-20 10:04:17',109,13,0),(49,'Chauna torquata','2021-10-02 10:07:30',91,12,0),(50,'Passer domesticus','2022-05-20 02:18:35',233,13,0),(51,'Bison bison','2022-05-04 16:55:56',182,12,0),(52,'Cacatua tenuirostris','2022-06-07 22:23:06',233,2,0),(53,'Spizaetus coronatus','2022-02-27 19:04:40',80,1,0),(54,'Phacochoerus aethiopus','2022-01-01 16:05:40',218,7,0),(55,'Spermophilus tridecemlineatus','2022-11-02 18:16:50',126,1,0),(56,'Ictalurus furcatus','2022-04-18 22:22:40',206,1,0),(57,'Nesomimus trifasciatus','2022-03-11 00:11:00',180,7,0),(58,'Suricata suricatta','2022-01-29 12:14:26',183,12,0),(59,'Morelia spilotes variegata','2022-11-12 20:12:29',27,9,0),(60,'Felis wiedi or Leopardus weidi','2021-10-16 17:57:49',30,6,0),(61,'Cercopithecus aethiops','2021-11-03 03:36:04',28,3,0),(62,'Neophron percnopterus','2022-09-23 15:18:30',33,12,0),(63,'Ratufa indica','2022-07-25 05:42:26',17,13,0),(64,'Tenrec ecaudatus','2022-02-26 05:19:10',222,5,0),(65,'Speothos vanaticus','2022-01-31 01:09:33',265,9,0),(66,'Eolophus roseicapillus','2022-12-06 13:42:32',98,9,0),(67,'Plegadis ridgwayi','2022-02-16 13:07:46',4,12,0),(68,'Crocodylus niloticus','2022-01-31 16:44:00',39,4,0),(69,'Echimys chrysurus','2022-01-27 10:16:28',55,5,0),(70,'Sarcophilus harrisii','2021-11-27 15:02:06',91,13,0),(71,'Sciurus niger','2022-09-18 16:14:40',202,12,0),(72,'Cordylus giganteus','2022-08-09 10:28:46',4,7,0),(73,'Speotyte cuniculata','2022-10-08 15:48:52',85,1,0),(74,'Macropus rufogriseus','2022-06-01 09:20:26',230,3,0),(75,'Phalacrocorax varius','2023-01-03 16:02:31',239,4,0),(76,'Crocuta crocuta','2021-09-25 06:03:41',297,4,0),(77,'Macropus fuliginosus','2022-09-11 15:19:42',47,5,0),(78,'Potamochoerus porcus','2022-05-18 04:55:54',237,10,0),(79,'Alligator mississippiensis','2021-11-11 16:55:26',15,9,0),(80,'Dusicyon thous','2022-07-21 12:08:46',179,7,0),(81,'Pytilia melba','2021-10-27 12:48:45',207,9,0),(82,'Geochelone elephantopus','2021-11-01 12:15:06',97,9,0),(83,'Eurocephalus anguitimens','2022-04-10 14:56:58',32,5,0),(84,'Sula dactylatra','2022-12-18 03:14:08',207,6,0),(85,'Kobus defassa','2022-06-23 01:10:35',251,10,0),(86,'Canis aureus','2022-12-25 04:13:28',292,1,0),(87,'Tauraco porphyrelophus','2022-07-24 17:44:19',177,9,0),(88,'Zalophus californicus','2022-11-11 16:21:23',189,12,0),(89,'Gazella thompsonii','2022-10-07 12:26:54',286,5,0),(90,'Gyps fulvus','2022-10-26 06:50:04',229,3,0),(91,'Gyps bengalensis','2021-10-14 09:29:38',253,6,0),(92,'Gyps bengalensis','2022-01-24 01:12:12',259,10,0),(93,'Macropus agilis','2022-04-21 04:42:36',8,4,0),(94,'Rendez-vous med','2023-06-15 14:09:25',9,3,0),(95,'Amblyrhynchus cristatus','2022-12-26 18:54:17',244,13,0),(96,'Francolinus coqui','2021-12-08 12:25:42',178,1,0),(97,'Prionace glauca','2022-11-04 20:08:29',161,6,0),(98,'Centrocercus urophasianus','2022-09-24 15:22:16',208,2,0),(99,'unavailable','2022-05-20 14:52:21',93,11,0),(100,'Paraxerus cepapi','2022-07-15 13:17:21',57,9,0),(101,'Alligator mississippiensis','2021-11-03 03:43:58',97,4,0),(102,'Chelodina longicollis','2022-09-05 05:13:55',223,2,0),(103,'Aegypius tracheliotus','2022-07-09 15:10:13',117,12,0),(104,'Carduelis pinus','2022-07-01 15:20:20',176,3,0),(105,'Bos mutus','2022-02-15 15:21:52',148,10,0),(106,'Leipoa ocellata','2022-05-08 23:18:43',237,13,0),(107,'Macropus agilis','2022-06-16 21:27:15',230,11,0),(108,'Varanus komodensis','2021-09-13 11:18:24',93,6,0),(109,'Hyaena hyaena','2021-12-09 06:49:25',242,13,0),(110,'Nannopterum harrisi','2021-10-30 18:37:08',271,2,0),(111,'Elephas maximus bengalensis','2021-09-18 15:11:32',79,1,0),(112,'Uraeginthus granatina','2022-09-12 04:55:47',148,3,0),(113,'Damaliscus dorcas','2021-11-11 18:57:46',121,4,0),(114,'Anas bahamensis','2022-04-05 03:01:50',96,9,0),(115,'Chlamydosaurus kingii','2022-11-21 22:09:32',15,6,0),(116,'Cacatua galerita','2022-07-20 23:26:17',128,6,0),(117,'Myiarchus tuberculifer','2022-08-20 22:59:13',237,13,0),(118,'Dasyurus viverrinus','2022-05-11 09:40:28',10,1,0),(119,'Haliaeetus leucocephalus','2021-10-30 09:05:10',19,7,0),(120,'Trichoglossus haematodus moluccanus','2022-12-24 08:57:56',269,10,0),(121,'Numida meleagris','2022-09-05 04:41:14',75,12,0),(122,'Myrmecophaga tridactyla','2022-07-08 07:08:26',113,4,0),(123,'Merops sp.','2022-08-16 01:36:20',94,8,0),(124,'Speothos vanaticus','2021-11-13 13:58:14',291,12,0),(125,'Lutra canadensis','2022-11-22 02:40:52',275,11,0),(126,'Buteo jamaicensis','2021-09-29 17:43:00',37,7,0),(127,'Boa caninus','2022-06-20 00:27:43',119,8,0),(128,'Canis lupus','2022-06-29 18:24:39',81,13,0),(129,'Axis axis','2022-04-04 03:36:48',99,9,0),(130,'Panthera pardus','2021-11-06 10:31:57',40,3,0),(131,'Sciurus niger','2023-01-04 17:31:43',299,1,0),(132,'unavailable','2022-12-11 01:38:54',246,8,0),(133,'Eutamias minimus','2022-10-12 16:12:06',222,10,0),(134,'Neophoca cinerea','2022-05-13 01:38:58',279,9,0),(135,'Epicrates cenchria maurus','2021-09-08 00:18:21',208,6,0),(136,'Macropus parryi','2022-05-06 16:30:17',98,6,0),(137,'Bos taurus','2022-08-27 21:42:44',283,12,0),(138,'Mellivora capensis','2022-10-12 03:08:44',146,13,0),(139,'Sylvilagus floridanus','2021-10-29 16:48:13',113,10,0),(140,'Amazona sp.','2021-10-09 22:45:39',210,2,0),(141,'Sarcophilus harrisii','2022-07-23 14:44:09',5,13,0),(142,'Meleagris gallopavo','2022-04-27 17:03:25',255,9,0),(143,'Ceratotherium simum','2021-10-21 22:58:30',128,10,0),(144,'Creagrus furcatus','2022-06-08 09:45:54',294,3,0),(145,'Anas punctata','2021-10-23 04:02:54',22,4,0),(146,'Coracias caudata','2022-09-05 23:22:33',3,5,0),(147,'Tenrec ecaudatus','2021-09-09 12:49:54',28,2,0),(148,'Dicrurus adsimilis','2022-08-23 15:34:33',170,3,0),(149,'Phalacrocorax niger','2022-01-09 04:34:42',112,9,0),(150,'Tayassu pecari','2022-04-19 00:33:55',139,12,0),(151,'Dicrurus adsimilis','2022-08-28 05:46:39',64,8,0),(152,'Megaderma spasma','2021-10-28 03:53:00',52,8,0),(153,'Rhea americana','2022-03-21 19:15:23',98,13,0),(154,'Antidorcas marsupialis','2022-02-10 04:03:02',71,4,0),(155,'Antilocapra americana','2021-12-26 18:31:39',297,10,0),(156,'unavailable','2022-05-06 17:16:00',121,6,0),(157,'Felis caracal','2022-06-14 11:12:50',262,5,0),(158,'Macropus robustus','2023-01-23 15:35:24',71,7,0),(159,'Nyctea scandiaca','2022-10-15 21:16:04',205,3,0),(160,'Spermophilus parryii','2022-03-24 12:23:11',173,4,0),(161,'Paradoxurus hermaphroditus','2022-06-25 05:55:06',212,7,0),(162,'Delphinus delphis','2022-01-24 01:29:13',262,8,0),(163,'Sus scrofa','2022-07-10 13:43:34',248,12,0),(164,'Cereopsis novaehollandiae','2022-12-29 17:07:46',137,8,0),(165,'Boa caninus','2022-05-24 20:26:50',173,13,0),(166,'Alligator mississippiensis','2021-11-15 22:04:10',155,10,0),(167,'Gazella thompsonii','2022-04-26 14:47:10',149,1,0),(168,'Equus burchelli','2022-05-22 16:39:41',161,8,0),(169,'Lama pacos','2022-11-10 18:37:13',117,5,0),(170,'Merops bullockoides','2023-01-17 12:29:00',32,7,0),(171,'Agouti paca','2022-12-21 06:25:26',117,12,0),(172,'Ephippiorhynchus mycteria','2021-11-25 06:32:07',265,9,0),(173,'Pelecans onocratalus','2022-01-17 07:18:37',275,6,0),(174,'Sula dactylatra','2023-01-11 06:23:50',215,7,0),(175,'Hymenolaimus malacorhynchus','2022-03-17 17:20:46',214,1,0),(176,'Bos taurus','2022-10-13 19:35:56',152,7,0),(177,'Platalea leucordia','2022-02-10 02:07:26',10,8,0),(178,'Antilocapra americana','2022-02-21 14:01:32',117,6,0),(179,'Nannopterum harrisi','2021-11-27 16:12:27',180,4,0),(180,'Nasua narica','2022-09-15 10:02:40',259,1,0),(181,'Canis dingo','2022-02-01 12:13:29',287,7,0),(182,'Eudyptula minor','2021-12-04 14:37:53',222,9,0),(183,'Panthera onca','2022-03-28 20:02:54',164,8,0),(184,'Alopochen aegyptiacus','2021-12-29 09:35:42',160,12,0),(185,'Naja haje','2021-12-02 02:49:33',271,11,0),(186,'Merops sp.','2022-01-09 03:38:19',13,3,0),(187,'Eolophus roseicapillus','2021-09-07 12:31:05',202,12,0),(188,'Plegadis falcinellus','2022-09-07 02:31:54',198,2,0),(189,'Numida meleagris','2023-01-11 17:01:28',143,2,0),(190,'Macaca fuscata','2022-07-27 04:48:27',210,13,0),(191,'Sarkidornis melanotos','2022-08-01 21:38:57',220,5,0),(192,'Zenaida asiatica','2021-12-07 11:19:35',42,3,0),(193,'Sylvicapra grimma','2023-01-23 09:23:06',207,5,0),(194,'Larus fuliginosus','2022-09-02 19:44:25',157,9,0),(195,'Butorides striatus','2022-09-01 22:32:10',263,6,0),(196,'Tayassu tajacu','2022-07-26 12:15:08',8,5,0),(197,'Ardea golieth','2022-03-24 02:16:40',218,1,0),(198,'Ctenophorus ornatus','2022-12-24 03:09:17',258,9,0),(199,'Ciconia episcopus','2022-03-27 10:27:40',135,1,0),(200,'Phalaropus lobatus','2022-08-29 02:08:16',135,5,0),(201,'Canis dingo','2022-08-12 17:50:28',191,9,0),(202,'Canis mesomelas','2021-12-01 18:39:41',234,6,0),(203,'Dendrocygna viduata','2022-10-11 13:11:16',23,7,0),(204,'Ovis canadensis','2022-02-15 21:12:28',181,13,0),(205,'Recurvirostra avosetta','2022-07-21 13:24:46',84,1,0),(206,'Felis caracal','2022-06-30 11:44:49',229,1,0),(207,'Leprocaulinus vipera','2022-09-03 18:49:32',284,5,0),(208,'Choloepus hoffmani','2022-07-15 10:43:34',88,13,0),(209,'Pelecanus occidentalis','2022-09-08 00:49:56',26,8,0),(210,'Numida meleagris','2022-04-20 12:10:44',277,12,0),(211,'Meleagris gallopavo','2022-05-15 23:42:26',186,1,0),(212,'Taxidea taxus','2022-06-07 00:29:10',141,5,0),(213,'Anas bahamensis','2022-10-03 16:19:23',27,2,0),(214,'Corallus hortulanus cooki','2021-12-12 14:55:43',37,2,0),(215,'Tetracerus quadricornis','2022-09-19 19:13:58',176,11,0),(216,'Phoenicopterus chilensis','2023-01-19 14:29:46',74,8,0),(217,'Felis concolor','2021-12-26 19:39:04',73,10,0),(218,'Aonyx cinerea','2022-05-05 13:52:19',247,2,0),(219,'Phalaropus fulicarius','2022-11-17 06:08:25',113,5,0),(220,'unavailable','2022-04-07 12:43:46',181,2,0),(221,'Hystrix cristata','2022-10-10 22:04:36',273,12,0),(222,'Tamandua tetradactyla','2022-11-23 15:54:33',294,10,0),(223,'Ara ararauna','2022-08-13 00:34:48',44,2,1),(224,'Grus rubicundus','2022-10-27 06:18:41',224,6,0),(225,'Centrocercus urophasianus','2022-12-19 13:10:46',117,13,0),(226,'Dicrostonyx groenlandicus','2022-10-13 16:35:46',26,9,0),(227,'Cracticus nigroagularis','2022-11-19 18:09:32',217,13,0),(228,'Cervus duvauceli','2022-04-20 15:49:56',222,13,0),(229,'Milvus migrans','2021-10-11 00:29:34',184,5,0),(230,'Neophron percnopterus','2021-09-16 07:06:39',29,7,0),(231,'Lybius torquatus','2022-12-28 02:32:55',133,13,0),(232,'Felis concolor','2022-01-27 01:38:13',252,4,0),(233,'Canis mesomelas','2022-12-30 07:19:19',81,12,0),(234,'Varanus salvator','2022-03-09 11:19:18',98,10,0),(235,'Ciconia episcopus','2021-12-08 08:51:05',220,4,0),(236,'Cordylus giganteus','2022-03-29 01:13:09',163,13,0),(237,'Falco mexicanus','2022-08-20 06:31:14',281,6,0),(238,'Tadorna tadorna','2022-04-14 23:21:29',124,10,0),(239,'Ctenophorus ornatus','2022-05-01 03:34:23',129,10,0),(240,'Ammospermophilus nelsoni','2022-03-22 14:10:20',156,5,0),(241,'Macropus fuliginosus','2022-02-09 04:17:51',270,12,0),(242,'Epicrates cenchria maurus','2022-04-03 16:43:19',123,12,0),(243,'unavailable','2022-01-08 18:34:27',274,10,0),(244,'Chloephaga melanoptera','2022-08-10 18:26:09',2,5,0),(245,'Aonyx capensis','2022-09-15 01:45:59',11,2,0),(246,'Ara ararauna','2022-08-28 14:05:55',257,3,0),(247,'Choloepus hoffmani','2022-05-10 03:59:37',89,3,0),(248,'Macaca radiata','2022-10-29 20:05:04',132,2,0),(249,'Dipodomys deserti','2021-10-31 23:51:34',233,8,0),(250,'Pelecans onocratalus','2022-07-12 19:53:56',224,4,0),(251,'Limosa haemastica','2022-09-13 20:53:01',295,1,0),(252,'Papio ursinus','2021-10-17 13:59:48',196,10,0),(253,'Anas bahamensis','2022-07-17 12:12:51',140,9,0),(254,'Panthera leo','2022-02-15 15:46:56',188,2,0),(255,'Fratercula corniculata','2022-02-03 22:01:34',46,13,0),(256,'Carphophis sp.','2022-03-31 16:07:31',116,2,0),(257,'Dasyurus viverrinus','2022-06-04 00:26:03',138,10,0),(258,'Microcebus murinus','2022-03-19 07:16:50',199,10,0),(259,'Pycnonotus nigricans','2021-10-05 07:18:14',83,7,0),(260,'Tapirus terrestris','2021-09-22 00:14:26',22,9,0),(261,'Phascolarctos cinereus','2022-12-08 14:00:36',16,11,0),(262,'Cordylus giganteus','2023-01-12 20:56:37',5,5,0),(263,'Megaderma spasma','2022-03-20 09:51:32',211,3,0),(264,'Canis mesomelas','2022-05-01 06:36:02',14,2,0),(265,'Damaliscus dorcas','2022-11-03 11:23:24',1,12,0),(266,'Anas bahamensis','2021-10-31 09:21:22',230,13,0),(267,'Prionace glauca','2022-01-03 13:54:35',46,3,0),(268,'Tenrec ecaudatus','2022-09-02 09:19:39',11,2,0),(269,'Hystrix cristata','2021-11-19 21:08:21',108,8,0),(270,'Gazella thompsonii','2022-06-26 09:56:12',299,2,0),(271,'Rhea americana','2021-10-09 17:35:09',224,12,0),(272,'Alopex lagopus','2022-04-03 01:46:01',237,10,0),(273,'Eremophila alpestris','2022-02-19 03:49:53',219,7,0),(274,'Crotaphytus collaris','2022-01-24 00:01:05',80,12,0),(275,'Haliaeetus leucocephalus','2022-04-25 10:07:53',135,10,0),(276,'Ploceus rubiginosus','2022-07-19 12:57:02',43,3,0),(277,'Otaria flavescens','2022-09-19 12:37:42',208,5,0),(278,'Rangifer tarandus','2022-09-27 09:38:06',76,2,0),(279,'Ardea golieth','2023-01-10 01:49:08',117,2,0),(280,'Chionis alba','2021-09-11 09:08:30',213,4,0),(281,'Lama glama','2022-07-26 11:45:57',35,9,0),(282,'Rhea americana','2022-02-24 00:54:39',3,2,0),(283,'Ardea cinerea','2021-11-09 05:46:05',202,4,0),(284,'Hystrix indica','2022-05-03 10:19:38',280,5,0),(285,'Equus burchelli','2021-12-11 19:38:23',216,6,0),(286,'Paroaria gularis','2022-10-20 14:19:53',68,4,0),(287,'Aonyx cinerea','2021-11-24 03:01:08',94,10,0),(288,'Zenaida asiatica','2022-03-04 01:33:07',238,5,0),(289,'Nyctereutes procyonoides','2022-08-14 16:22:33',175,5,0),(290,'Notechis semmiannulatus','2022-10-21 13:30:30',217,8,0),(291,'Rhea americana','2021-10-17 13:01:41',39,12,0),(292,'Ninox superciliaris','2022-05-24 01:39:17',9,7,1),(293,'Pelecans onocratalus','2021-12-02 19:10:21',244,2,0),(294,'Macropus eugenii','2022-12-08 03:42:10',138,3,0),(295,'Ardea golieth','2021-09-14 10:19:51',154,12,0),(296,'Ornithorhynchus anatinus','2022-09-03 11:12:14',267,5,0),(297,'Madoqua kirkii','2021-11-17 21:24:34',32,8,0),(298,'Cebus apella','2022-12-21 19:06:34',31,12,0),(299,'Vanessa indica','2021-12-27 18:16:44',240,9,0),(300,'unavailable','2022-01-16 11:02:18',221,10,0),(301,'Lamprotornis nitens','2022-05-04 11:03:19',229,1,0),(302,'Zonotrichia capensis','2021-10-14 12:49:55',158,1,0),(303,'Charadrius tricollaris','2021-11-25 02:32:47',117,6,0),(304,'Fratercula corniculata','2022-09-25 14:42:26',169,6,0),(305,'Heloderma horridum','2022-03-27 21:41:27',46,13,0),(306,'Catharacta skua','2022-11-13 17:45:30',84,7,0),(307,'Merops nubicus','2022-08-10 05:49:12',82,5,0),(308,'Capreolus capreolus','2022-09-04 10:03:33',131,13,0),(309,'Lorythaixoides concolor','2022-10-21 09:58:57',296,1,0),(310,'Parus atricapillus','2022-07-17 05:18:51',232,11,0),(311,'Perameles nasuta','2022-08-14 06:14:32',234,10,0),(312,'Phalaropus fulicarius','2022-11-11 23:36:52',187,12,0),(313,'Gyps fulvus','2022-07-26 23:45:58',86,4,0),(314,'Choloepus hoffmani','2021-12-19 08:01:42',183,9,0),(315,'Manouria emys','2021-09-27 13:06:50',54,12,0),(316,'Vanellus sp.','2021-10-22 06:47:03',86,9,0),(317,'Eutamias minimus','2022-09-02 03:39:52',233,13,0),(318,'Cebus albifrons','2022-12-22 20:27:50',57,12,0),(319,'Cercatetus concinnus','2021-11-23 10:20:18',113,6,0),(320,'Pytilia melba','2022-09-30 06:45:56',222,8,0),(321,'Zosterops pallidus','2023-01-15 17:48:24',246,5,0),(322,'Mustela nigripes','2022-12-21 20:04:09',185,11,0),(323,'Calyptorhynchus magnificus','2021-09-10 05:48:54',283,4,0),(324,'Diceros bicornis','2022-04-07 15:44:39',209,11,0),(325,'Taxidea taxus','2022-08-20 23:38:14',133,6,0),(326,'Butorides striatus','2023-01-08 05:04:23',155,2,0),(327,'Egretta thula','2022-01-15 06:54:01',220,3,0),(328,'Canis lupus baileyi','2021-09-11 08:05:53',280,7,0),(329,'Paradoxurus hermaphroditus','2021-12-07 18:00:42',276,1,0),(330,'Phalacrocorax varius','2022-04-04 23:06:40',116,9,0),(331,'Geochelone elephantopus','2022-06-10 06:55:28',12,2,0),(332,'Anastomus oscitans','2022-03-16 09:06:04',175,11,0),(333,'Cordylus giganteus','2023-01-07 23:40:30',211,5,0),(334,'Pelecanus conspicillatus','2022-03-24 08:06:01',296,9,0),(335,'Milvus migrans','2022-03-27 15:03:29',171,11,0),(336,'Cynomys ludovicianus','2021-09-21 20:53:54',175,1,0),(337,'Macropus agilis','2022-05-21 11:55:30',197,7,0),(338,'Pseudalopex gymnocercus','2021-10-25 10:32:28',263,3,0),(339,'Vombatus ursinus','2023-01-01 15:15:17',62,7,0),(340,'Phoeniconaias minor','2022-02-04 03:14:01',202,3,0),(341,'Cochlearius cochlearius','2022-08-09 17:47:09',172,9,0),(342,'unavailable','2022-04-15 11:48:57',184,3,0),(343,'Ictonyx striatus','2021-10-18 18:07:06',186,7,0),(344,'Trichoglossus chlorolepidotus','2022-02-20 18:01:25',268,3,0),(345,'Picoides pubescens','2021-11-30 22:09:05',195,3,0),(346,'Echimys chrysurus','2022-02-12 20:41:37',92,8,0),(347,'Sarcophilus harrisii','2022-09-16 12:13:14',7,12,0),(348,'Coluber constrictor foxii','2023-01-16 10:33:58',85,13,0),(349,'Varanus salvator','2021-12-10 03:35:25',8,13,0),(350,'Paroaria gularis','2021-09-11 11:27:50',208,5,0),(351,'Ardea golieth','2022-02-23 17:33:00',145,6,0),(352,'Vanellus chilensis','2022-11-04 23:01:44',36,8,0),(353,'Aonyx capensis','2022-11-13 06:00:43',4,5,0),(354,'Agkistrodon piscivorus','2022-02-17 21:45:24',229,6,0),(355,'Isoodon obesulus','2022-10-10 12:37:40',127,2,0),(356,'Acrantophis madagascariensis','2021-10-17 00:45:14',256,8,0),(357,'Cacatua tenuirostris','2022-03-07 11:37:21',107,11,0),(358,'Chelodina longicollis','2022-09-11 19:26:11',136,11,0),(359,'Morelia spilotes variegata','2022-11-08 23:43:10',199,13,0),(360,'unavailable','2022-05-08 15:48:48',251,8,0),(361,'Ephippiorhynchus mycteria','2021-10-11 20:19:10',131,13,0),(362,'Phalaropus lobatus','2021-12-06 22:56:47',249,2,0),(363,'Naja haje','2022-11-05 21:41:11',37,5,0),(364,'Pteronura brasiliensis','2021-11-09 10:33:57',178,11,0),(365,'Larus novaehollandiae','2022-03-01 19:50:11',94,5,0),(366,'Equus hemionus','2022-09-19 08:42:22',159,7,0),(367,'Sciurus niger','2022-05-18 21:16:43',56,4,0),(368,'Galictis vittata','2022-10-08 19:50:11',261,11,0),(369,'Ovis ammon','2021-12-07 17:20:30',214,9,0),(370,'Macaca fuscata','2023-01-15 19:54:00',29,9,0),(371,'Felis libyca','2022-03-12 12:15:31',34,7,0),(372,'Spheniscus mendiculus','2022-02-14 19:32:43',167,13,0),(373,'Ammospermophilus nelsoni','2021-09-13 22:19:09',65,10,0),(374,'Ursus arctos','2022-06-18 12:36:25',257,11,0),(375,'Cebus nigrivittatus','2022-11-26 13:03:57',80,8,0),(376,'Macropus eugenii','2022-05-30 02:55:36',252,13,0),(377,'Pseudocheirus peregrinus','2021-12-14 21:34:26',150,9,0),(378,'Bucephala clangula','2022-12-02 12:48:20',181,5,0),(379,'Paradoxurus hermaphroditus','2022-02-09 07:09:32',78,4,0),(380,'Macaca radiata','2021-10-26 21:09:07',22,4,0),(381,'Tringa glareola','2022-08-15 13:27:16',214,10,0),(382,'Fregata magnificans','2022-01-25 19:25:15',257,5,0),(383,'Ceratotherium simum','2022-08-29 05:42:29',17,6,0),(384,'Chelodina longicollis','2022-09-28 13:22:48',248,1,0),(385,'Myrmecophaga tridactyla','2022-08-23 21:18:29',15,6,0),(386,'Buteo galapagoensis','2022-11-27 06:35:13',83,5,0),(387,'Phalaropus lobatus','2022-05-13 17:00:58',223,5,0),(388,'Merops bullockoides','2022-07-09 09:48:23',32,11,0),(389,'Drymarchon corias couperi','2021-11-02 11:30:35',102,12,0),(390,'Aonyx capensis','2022-10-28 04:32:16',274,9,0),(391,'Vulpes chama','2022-03-25 01:24:54',298,7,0),(392,'Cebus apella','2022-02-20 20:02:12',256,4,0),(393,'unavailable','2021-10-11 12:50:37',79,8,0),(394,'Sarcorhamphus papa','2021-12-25 01:25:49',168,10,0),(395,'Orcinus orca','2021-10-09 11:33:54',255,6,0),(396,'Spilogale gracilis','2022-11-25 10:34:54',136,8,0),(397,'Butorides striatus','2022-10-06 14:10:53',126,9,0),(398,'Papio ursinus','2022-11-25 14:17:58',12,10,0),(399,'Dendrohyrax brucel','2022-10-10 20:55:55',120,9,0),(400,'Cebus albifrons','2022-03-08 00:32:22',47,13,0),(401,'Chordeiles minor','2022-09-28 09:42:16',56,9,0),(402,'Orcinus orca','2021-10-05 07:17:08',82,12,0),(403,'Varanus komodensis','2022-11-23 09:32:46',215,13,0),(404,'Aonyx capensis','2022-11-30 21:19:26',200,5,0),(405,'Tenrec ecaudatus','2021-09-24 17:17:59',106,7,0),(406,'Zenaida galapagoensis','2023-01-18 20:53:48',235,2,0),(407,'Varanus salvator','2021-10-12 02:53:09',129,10,0),(408,'Castor fiber','2022-12-26 15:05:24',124,7,0),(409,'Lutra canadensis','2022-06-24 05:00:50',266,6,0),(410,'Trichechus inunguis','2022-08-16 07:58:36',255,2,0),(411,'Chlamydosaurus kingii','2022-02-21 06:03:38',22,9,0),(412,'Limnocorax flavirostra','2021-09-12 11:23:12',257,13,0),(413,'Canis lupus baileyi','2022-03-06 09:37:35',53,5,0),(414,'Crocuta crocuta','2022-08-30 12:31:42',205,7,0),(415,'Haematopus ater','2022-06-12 04:41:22',42,11,0),(416,'Manouria emys','2022-03-10 15:45:52',241,4,0),(417,'Macropus rufus','2022-01-14 13:27:20',145,5,0),(418,'Meleagris gallopavo','2022-08-03 11:33:50',75,2,0),(419,'Crotalus cerastes','2021-11-22 21:26:22',244,11,0),(420,'Pseudoleistes virescens','2022-11-05 21:07:47',10,1,0),(421,'Canis mesomelas','2022-11-01 10:34:50',142,2,0),(422,'Antilocapra americana','2021-11-30 16:09:52',154,11,0),(423,'Pseudoleistes virescens','2022-05-29 18:26:09',24,13,0),(424,'Alopex lagopus','2022-01-26 11:18:32',11,9,0),(425,'Meles meles','2022-06-03 04:37:11',6,11,0),(426,'unavailable','2022-04-24 12:17:03',9,1,0),(427,'Centrocercus urophasianus','2022-07-28 02:08:43',226,9,0),(428,'Alopex lagopus','2022-01-22 10:35:35',40,6,0),(429,'Varanus sp.','2022-12-30 02:53:27',246,7,0),(430,'Vombatus ursinus','2022-01-28 19:24:52',25,13,0),(431,'Phalacrocorax varius','2022-07-23 12:19:35',280,8,0),(432,'Thalasseus maximus','2022-12-15 09:06:33',264,6,0),(433,'Mazama gouazoubira','2022-11-24 22:22:05',129,10,0),(434,'Phalacrocorax carbo','2021-10-06 22:59:03',195,9,0),(435,'Lutra canadensis','2021-11-19 11:53:03',42,8,0),(436,'Ceratotherium simum','2022-03-10 06:57:33',122,8,0),(437,'unavailable','2022-04-14 03:47:11',244,13,0),(438,'Streptopelia senegalensis','2022-08-18 07:30:43',167,8,0),(439,'Phascogale calura','2022-11-20 08:58:13',131,5,0),(440,'Tayassu pecari','2022-09-23 04:35:28',173,11,0),(441,'Felis concolor','2021-11-03 07:01:16',210,6,0),(442,'Casmerodius albus','2022-03-08 01:17:40',67,11,0),(443,'Larus novaehollandiae','2022-05-20 02:08:12',126,11,0),(444,'Lybius torquatus','2022-10-23 09:24:15',83,10,0),(445,'Cebus apella','2022-04-26 07:23:23',273,9,0),(446,'Physignathus cocincinus','2022-09-10 13:23:02',110,1,0),(447,'Orcinus orca','2021-10-03 21:17:54',34,4,0),(448,'unavailable','2022-07-14 20:53:04',60,7,0),(449,'Larus dominicanus','2022-02-27 10:21:26',228,7,0),(450,'Graspus graspus','2022-01-18 11:51:45',282,11,0),(451,'Phascogale tapoatafa','2021-11-08 05:56:41',229,11,0),(452,'Ratufa indica','2022-05-31 22:55:42',195,1,0),(453,'Melanerpes erythrocephalus','2022-06-08 22:00:49',178,9,0),(454,'Phaethon aethereus','2022-02-16 03:41:57',241,2,0),(455,'Macropus fuliginosus','2021-12-19 14:31:45',248,8,0),(456,'Dasyurus viverrinus','2022-05-27 09:06:51',29,9,0),(457,'Prionace glauca','2022-03-21 23:12:14',94,1,0),(458,'Uraeginthus granatina','2022-02-19 14:07:39',214,7,0),(459,'Cynictis penicillata','2022-11-15 22:24:04',53,3,0),(460,'Libellula quadrimaculata','2022-06-28 13:47:34',38,12,0),(461,'Dendrocitta vagabunda','2022-10-12 15:35:27',101,3,0),(462,'Sitta canadensis','2022-08-05 20:54:06',184,2,0),(463,'Echimys chrysurus','2022-06-02 18:14:10',48,12,0),(464,'Canis lupus','2022-04-24 09:18:04',147,2,0),(465,'Otocyon megalotis','2021-10-07 02:57:13',234,6,0),(466,'Procyon lotor','2021-12-21 19:10:00',160,11,0),(467,'Otocyon megalotis','2022-10-23 14:30:17',188,7,0),(468,'Ammospermophilus nelsoni','2022-06-19 05:25:50',40,3,0),(469,'Rhabdomys pumilio','2022-03-23 08:31:27',200,12,0),(470,'Francolinus coqui','2022-10-31 07:44:49',120,2,0),(471,'Ceratotherium simum','2022-08-17 04:03:53',78,7,0),(472,'Echimys chrysurus','2023-01-03 07:08:45',84,10,0),(473,'Bucephala clangula','2021-11-28 11:42:50',2,2,0),(474,'Stenella coeruleoalba','2022-11-05 19:03:43',23,11,0),(475,'Tapirus terrestris','2022-03-02 05:05:21',283,7,0),(476,'Oryx gazella','2021-11-15 18:20:23',108,10,0),(477,'Myotis lucifugus','2022-04-11 07:15:12',73,4,0),(478,'Zosterops pallidus','2022-07-04 10:14:07',166,6,0),(479,'Panthera pardus','2022-05-15 23:45:34',254,10,0),(480,'Bubalornis niger','2022-08-02 08:16:53',103,8,0),(481,'Lamprotornis sp.','2022-01-19 12:54:06',181,9,0),(482,'Neophoca cinerea','2022-08-27 11:31:45',177,13,0),(483,'Alligator mississippiensis','2021-10-07 06:10:35',109,7,0),(484,'Oxybelis fulgidus','2023-01-12 01:57:08',98,6,0),(485,'Lamprotornis nitens','2022-06-19 22:44:17',205,9,0),(486,'Phoca vitulina','2022-02-17 05:51:01',111,5,0),(487,'Tetracerus quadricornis','2022-02-09 04:29:39',230,4,0),(488,'Agelaius phoeniceus','2021-12-29 01:03:34',129,3,0),(489,'Colobus guerza','2022-05-03 12:48:27',104,4,0),(490,'Naja haje','2022-11-05 16:36:44',216,13,0),(491,'Creagrus furcatus','2022-09-16 05:49:16',129,1,0),(492,'Tragelaphus strepsiceros','2022-10-24 19:22:48',267,4,0),(493,'Bradypus tridactylus','2022-11-04 04:09:19',205,10,0),(494,'Cacatua galerita','2022-05-24 18:20:01',291,12,0),(495,'Turtur chalcospilos','2022-09-03 23:48:00',64,9,0),(496,'Bison bison','2021-11-19 14:25:32',239,10,0),(497,'Manouria emys','2022-04-28 00:27:48',104,7,0),(498,'Smithopsis crassicaudata','2023-01-14 04:56:25',167,12,0),(499,'Epicrates cenchria maurus','2022-09-12 04:06:56',155,13,0),(500,'Sterna paradisaea','2021-12-22 22:13:00',236,4,0),(501,'Tragelaphus angasi','2022-11-01 05:42:00',80,12,0),(502,'Geochelone elegans','2022-07-21 22:37:43',266,10,0),(503,'unavailable','2021-09-18 04:38:21',2,9,0),(504,'Colobus guerza','2021-11-15 22:39:05',272,3,0),(505,'Haliaeetus leucoryphus','2021-10-22 18:44:00',258,6,0),(506,'Mungos mungo','2022-05-10 18:39:40',25,6,0),(507,'unavailable','2022-09-25 09:40:02',11,10,0),(508,'Cervus duvauceli','2022-07-09 06:34:01',152,3,0),(509,'Alectura lathami','2022-04-30 00:48:41',83,12,0),(510,'Oxybelis fulgidus','2022-02-04 05:19:00',170,11,0),(511,'Tamiasciurus hudsonicus','2021-09-29 13:57:55',75,2,0),(512,'Macropus robustus','2022-05-22 15:43:53',285,4,0),(513,'Columba livia','2022-01-24 03:53:46',294,3,0),(514,'Anas punctata','2022-03-03 21:25:16',65,13,0),(515,'Trichechus inunguis','2022-05-16 01:14:52',100,9,0),(516,'Hippopotamus amphibius','2022-01-16 19:14:34',2,5,0),(517,'Hippotragus equinus','2022-09-30 18:38:53',296,7,0),(518,'Marmota monax','2022-09-19 18:06:23',207,9,0),(519,'Nasua narica','2022-08-14 12:46:14',121,11,0),(520,'Toxostoma curvirostre','2022-05-29 04:59:52',156,9,0),(521,'Ardea cinerea','2022-06-24 05:42:52',78,2,0),(522,'Phoca vitulina','2022-05-05 23:28:16',226,10,0),(523,'Agelaius phoeniceus','2022-06-01 23:01:55',208,1,0),(524,'Canis lupus lycaon','2022-09-12 08:17:16',24,11,0),(525,'Carduelis uropygialis','2021-11-15 21:40:12',159,7,0),(526,'Spheniscus magellanicus','2022-06-17 18:25:49',227,12,0),(527,'Sylvicapra grimma','2022-10-29 12:28:14',65,8,0),(528,'unavailable','2022-03-17 11:01:07',105,4,0),(529,'Bos taurus','2022-05-28 03:43:04',292,5,0),(530,'Lorythaixoides concolor','2022-08-15 14:50:24',168,3,0),(531,'Gymnorhina tibicen','2021-11-13 22:42:50',102,10,0),(532,'Rana sp.','2022-03-27 13:11:10',264,9,0),(533,'Cygnus atratus','2022-04-15 17:48:09',141,8,0),(534,'Marmota caligata','2022-03-01 10:11:48',273,6,0),(535,'Connochaetus taurinus','2022-09-16 09:22:27',48,9,0),(536,'Oxybelis sp.','2021-10-29 06:38:11',114,2,0),(537,'Dasypus septemcincus','2022-10-06 08:45:52',89,11,0),(538,'Ara ararauna','2021-12-27 18:29:20',208,11,0),(539,'Geochelone radiata','2022-11-15 16:30:35',285,10,0),(540,'Felis concolor','2021-09-17 06:01:55',42,4,0),(541,'Didelphis virginiana','2022-05-19 13:21:19',184,12,0),(542,'Microcebus murinus','2022-07-31 12:22:21',84,13,0),(543,'Oxybelis fulgidus','2022-08-30 21:50:41',37,3,0),(544,'Tyto novaehollandiae','2022-05-23 14:35:18',283,1,0),(545,'Plegadis falcinellus','2022-01-24 07:50:41',90,8,0),(546,'Pelecanus occidentalis','2022-11-14 01:47:09',152,4,0),(547,'Pseudocheirus peregrinus','2022-03-09 09:21:53',3,11,0),(548,'Vulpes cinereoargenteus','2022-11-12 21:53:05',83,5,0),(549,'Chelodina longicollis','2022-01-06 22:53:13',246,8,0),(550,'Phasianus colchicus','2022-12-10 14:22:29',268,7,0),(551,'Choloepus hoffmani','2022-12-20 10:35:14',251,4,0),(552,'Felis caracal','2022-06-10 23:12:34',255,6,0),(553,'Actophilornis africanus','2021-09-26 21:34:18',195,9,0),(554,'Physignathus cocincinus','2021-11-11 21:29:08',272,3,0),(555,'Tayassu tajacu','2022-11-09 06:41:07',55,6,0),(556,'Tiliqua scincoides','2021-10-02 06:47:30',170,11,0),(557,'Capreolus capreolus','2022-03-17 00:28:20',57,1,0),(558,'Procyon cancrivorus','2022-07-08 06:22:56',89,5,0),(559,'Eudyptula minor','2022-12-20 02:06:40',298,6,0),(560,'Gekko gecko','2022-10-10 14:15:59',51,9,0),(561,'Eremophila alpestris','2022-01-12 08:40:33',84,8,0),(562,'Phalacrocorax niger','2022-07-13 21:38:31',33,8,0),(563,'Cacatua tenuirostris','2022-12-17 09:04:14',156,9,0),(564,'Canis dingo','2022-06-19 20:16:40',86,11,0),(565,'Bubo virginianus','2023-01-14 08:55:33',168,8,0),(566,'Rhea americana','2022-09-07 00:44:38',34,12,0),(567,'Corvus albus','2021-09-20 07:50:57',88,12,0),(568,'Physignathus cocincinus','2022-05-14 05:47:58',233,5,0),(569,'Mustela nigripes','2022-10-05 11:29:23',81,13,0),(570,'Dusicyon thous','2021-09-22 06:44:41',216,11,0),(571,'Hippotragus niger','2022-11-28 21:13:50',283,9,0),(572,'Spermophilus richardsonii','2022-06-09 22:36:11',125,2,0),(573,'Mycteria leucocephala','2022-06-25 23:52:17',55,3,0),(574,'Podargus strigoides','2022-11-02 01:27:05',273,7,0),(575,'Procyon lotor','2021-09-21 16:33:25',144,4,0),(576,'Zenaida galapagoensis','2021-09-20 06:50:32',133,11,0),(577,'Morelia spilotes variegata','2021-10-03 15:00:08',257,8,0),(578,'Speotyte cuniculata','2022-10-13 02:00:52',50,5,0),(579,'Branta canadensis','2022-11-05 15:35:58',286,10,0),(580,'Thylogale stigmatica','2022-03-28 22:01:34',100,6,0),(581,'Columba livia','2022-12-07 03:41:22',95,7,0),(582,'Pycnonotus nigricans','2022-09-20 22:25:05',143,4,0),(583,'Sula nebouxii','2022-06-05 21:05:52',199,3,0),(584,'Milvus migrans','2022-10-28 22:44:35',219,13,0),(585,'Columba palumbus','2022-08-17 16:16:21',166,2,0),(586,'Ceryle rudis','2021-10-24 09:35:54',189,13,0),(587,'Crocodylus niloticus','2021-10-08 04:35:26',211,1,0),(588,'Bucorvus leadbeateri','2021-10-03 17:36:17',183,8,0),(589,'Stercorarius longicausus','2022-11-24 10:39:09',260,4,0),(590,'Cracticus nigroagularis','2022-06-20 08:12:40',279,1,0),(591,'Coluber constrictor','2022-12-10 01:32:32',163,4,0),(592,'Haliaeetus leucoryphus','2022-07-27 06:35:26',251,10,0),(593,'Physignathus cocincinus','2021-10-25 09:57:57',159,12,0),(594,'Actophilornis africanus','2022-12-07 06:17:07',32,4,0),(595,'Ephippiorhynchus mycteria','2022-03-03 19:48:39',100,5,0),(596,'unavailable','2022-11-05 02:03:50',177,10,0),(597,'Felis yagouaroundi','2022-09-12 02:33:31',101,6,0),(598,'Stercorarius longicausus','2021-09-13 14:10:54',223,4,0),(599,'Uraeginthus granatina','2022-05-10 06:44:54',8,9,0),(600,'Bassariscus astutus','2021-11-05 05:18:52',11,1,0),(601,'test','2023-06-13 14:18:09',9,3,0);
/*!40000 ALTER TABLE `rendezvous` ENABLE KEYS */;
UNLOCK TABLES;

--
-- Table structure for table `user`
--

DROP TABLE IF EXISTS `user`;
/*!40101 SET @saved_cs_client     = @@character_set_client */;
/*!40101 SET character_set_client = utf8 */;
CREATE TABLE `user` (
  `id` int(11) NOT NULL AUTO_INCREMENT,
  `login` varchar(50) NOT NULL,
  `password` varchar(64) NOT NULL,
  `role` varchar(50) NOT NULL,
  PRIMARY KEY (`id`)
) ENGINE=InnoDB AUTO_INCREMENT=303 DEFAULT CHARSET=utf8;
/*!40101 SET character_set_client = @saved_cs_client */;

--
-- Dumping data for table `user`
--

LOCK TABLES `user` WRITE;
/*!40000 ALTER TABLE `user` DISABLE KEYS */;
INSERT INTO `user` VALUES (1,'eliott@gmail.com','92a1d37bee616fe0b8c19082e5b4774901c21b834bb91efd2bb5a87c7188b0fa','admin'),(2,'kcalvey1@autre.com','967520ae23e8ee14888bae72809031b98398ae4a636773e18fff917d77679334','visiteur'),(3,'achatfield2@dailymotion.com','967520ae23e8ee14888bae72809031b98398ae4a636773e18fff917d77679334','visiteur'),(4,'rwillcot3@forbes.com','967520ae23e8ee14888bae72809031b98398ae4a636773e18fff917d77679334','visiteur'),(5,'cgiraldon4@marriott.com','967520ae23e8ee14888bae72809031b98398ae4a636773e18fff917d77679334','visiteur'),(6,'llucia5@slate.com','967520ae23e8ee14888bae72809031b98398ae4a636773e18fff917d77679334','visiteur'),(7,'mrolland6@ibm.com','967520ae23e8ee14888bae72809031b98398ae4a636773e18fff917d77679334','visiteur'),(8,'lmetzel7@java.com','967520ae23e8ee14888bae72809031b98398ae4a636773e18fff917d77679334','visiteur'),(9,'iwhatman8@ovh.net','967520ae23e8ee14888bae72809031b98398ae4a636773e18fff917d77679334','admin'),(10,'erasor9@unc.edu','967520ae23e8ee14888bae72809031b98398ae4a636773e18fff917d77679334','visiteur'),(11,'fhazelhursta@walmart.com','967520ae23e8ee14888bae72809031b98398ae4a636773e18fff917d77679334','visiteur'),(12,'flanglaisb@qq.com','967520ae23e8ee14888bae72809031b98398ae4a636773e18fff917d77679334','visiteur'),(13,'rleversonc@arstechnica.com','967520ae23e8ee14888bae72809031b98398ae4a636773e18fff917d77679334','visiteur'),(14,'uhodjettsd@devhub.com','967520ae23e8ee14888bae72809031b98398ae4a636773e18fff917d77679334','visiteur'),(15,'eaizikovitche@umich.edu','967520ae23e8ee14888bae72809031b98398ae4a636773e18fff917d77679334','visiteur'),(16,'eparadisef@microsoft.com','967520ae23e8ee14888bae72809031b98398ae4a636773e18fff917d77679334','visiteur'),(17,'gjacklingsg@aboutads.info','967520ae23e8ee14888bae72809031b98398ae4a636773e18fff917d77679334','visiteur'),(18,'rgostlingh@4shared.com','967520ae23e8ee14888bae72809031b98398ae4a636773e18fff917d77679334','visiteur'),(19,'hsadryi@multiply.com','967520ae23e8ee14888bae72809031b98398ae4a636773e18fff917d77679334','visiteur'),(20,'sdewarej@bandcamp.com','967520ae23e8ee14888bae72809031b98398ae4a636773e18fff917d77679334','admin'),(21,'kdominyk@tripadvisor.com','967520ae23e8ee14888bae72809031b98398ae4a636773e18fff917d77679334','visiteur'),(22,'elambertol@china.com.cn','967520ae23e8ee14888bae72809031b98398ae4a636773e18fff917d77679334','visiteur'),(23,'tbrownbillm@adobe.com','967520ae23e8ee14888bae72809031b98398ae4a636773e18fff917d77679334','visiteur'),(24,'steesn@businesswire.com','967520ae23e8ee14888bae72809031b98398ae4a636773e18fff917d77679334','visiteur'),(25,'acisneroso@newyorker.com','967520ae23e8ee14888bae72809031b98398ae4a636773e18fff917d77679334','visiteur'),(26,'nscholtisp@github.com','967520ae23e8ee14888bae72809031b98398ae4a636773e18fff917d77679334','visiteur'),(27,'mhankinsonq@aol.com','967520ae23e8ee14888bae72809031b98398ae4a636773e18fff917d77679334','visiteur'),(28,'jhicklingbottomr@webmd.com','967520ae23e8ee14888bae72809031b98398ae4a636773e18fff917d77679334','visiteur'),(29,'srizzellos@mashable.com','967520ae23e8ee14888bae72809031b98398ae4a636773e18fff917d77679334','visiteur'),(30,'bvlacht@scientificamerican.com','967520ae23e8ee14888bae72809031b98398ae4a636773e18fff917d77679334','visiteur'),(31,'wbandeu@tumblr.com','967520ae23e8ee14888bae72809031b98398ae4a636773e18fff917d77679334','visiteur'),(32,'vjacquemotv@nsw.gov.au','967520ae23e8ee14888bae72809031b98398ae4a636773e18fff917d77679334','visiteur'),(33,'ctisorw@amazon.co.jp','967520ae23e8ee14888bae72809031b98398ae4a636773e18fff917d77679334','visiteur'),(34,'lcromiex@comcast.net','967520ae23e8ee14888bae72809031b98398ae4a636773e18fff917d77679334','visiteur'),(35,'cscousey@homestead.com','967520ae23e8ee14888bae72809031b98398ae4a636773e18fff917d77679334','visiteur'),(36,'lstronoughz@seattletimes.com','967520ae23e8ee14888bae72809031b98398ae4a636773e18fff917d77679334','visiteur'),(37,'pdillingstone10@google.com.hk','967520ae23e8ee14888bae72809031b98398ae4a636773e18fff917d77679334','visiteur'),(38,'mwhittles11@pagesperso-orange.fr','967520ae23e8ee14888bae72809031b98398ae4a636773e18fff917d77679334','visiteur'),(39,'cryley12@imgur.com','967520ae23e8ee14888bae72809031b98398ae4a636773e18fff917d77679334','visiteur'),(40,'gtryhorn13@moonfruit.com','967520ae23e8ee14888bae72809031b98398ae4a636773e18fff917d77679334','admin'),(41,'jhinzer14@gmpg.org','967520ae23e8ee14888bae72809031b98398ae4a636773e18fff917d77679334','admin'),(42,'amcgrorty15@gravatar.com','967520ae23e8ee14888bae72809031b98398ae4a636773e18fff917d77679334','visiteur'),(43,'urobben16@live.com','967520ae23e8ee14888bae72809031b98398ae4a636773e18fff917d77679334','visiteur'),(44,'btukesby17@ca.gov','967520ae23e8ee14888bae72809031b98398ae4a636773e18fff917d77679334','admin'),(45,'ddudbridge18@mozilla.org','967520ae23e8ee14888bae72809031b98398ae4a636773e18fff917d77679334','admin'),(46,'udavidovich19@slate.com','967520ae23e8ee14888bae72809031b98398ae4a636773e18fff917d77679334','visiteur'),(47,'tmarco1a@soundcloud.com','967520ae23e8ee14888bae72809031b98398ae4a636773e18fff917d77679334','visiteur'),(48,'awoltman1b@cam.ac.uk','967520ae23e8ee14888bae72809031b98398ae4a636773e18fff917d77679334','visiteur'),(49,'ccamell1c@hud.gov','967520ae23e8ee14888bae72809031b98398ae4a636773e18fff917d77679334','visiteur'),(50,'vfalloon1d@sitemeter.com','967520ae23e8ee14888bae72809031b98398ae4a636773e18fff917d77679334','visiteur'),(51,'criddiford1e@squidoo.com','967520ae23e8ee14888bae72809031b98398ae4a636773e18fff917d77679334','visiteur'),(52,'mdangeli1f@pbs.org','967520ae23e8ee14888bae72809031b98398ae4a636773e18fff917d77679334','visiteur'),(53,'wrogerson1g@cornell.edu','967520ae23e8ee14888bae72809031b98398ae4a636773e18fff917d77679334','visiteur'),(54,'ptyreman1h@intel.com','967520ae23e8ee14888bae72809031b98398ae4a636773e18fff917d77679334','visiteur'),(55,'lmutch1i@alibaba.com','967520ae23e8ee14888bae72809031b98398ae4a636773e18fff917d77679334','visiteur'),(56,'iguesford1j@loc.gov','967520ae23e8ee14888bae72809031b98398ae4a636773e18fff917d77679334','visiteur'),(57,'asiggers1k@businesswire.com','967520ae23e8ee14888bae72809031b98398ae4a636773e18fff917d77679334','visiteur'),(58,'elowensohn1l@netscape.com','967520ae23e8ee14888bae72809031b98398ae4a636773e18fff917d77679334','visiteur'),(59,'nglasspoole1m@ibm.com','967520ae23e8ee14888bae72809031b98398ae4a636773e18fff917d77679334','visiteur'),(60,'dhoovart1n@sohu.com','967520ae23e8ee14888bae72809031b98398ae4a636773e18fff917d77679334','visiteur'),(61,'kbaudic1o@xinhuanet.com','967520ae23e8ee14888bae72809031b98398ae4a636773e18fff917d77679334','visiteur'),(62,'cmirfin1p@boston.com','967520ae23e8ee14888bae72809031b98398ae4a636773e18fff917d77679334','visiteur'),(63,'galans1q@altervista.org','967520ae23e8ee14888bae72809031b98398ae4a636773e18fff917d77679334','visiteur'),(64,'dchern1r@blogspot.com','967520ae23e8ee14888bae72809031b98398ae4a636773e18fff917d77679334','visiteur'),(65,'lnoot1s@timesonline.co.uk','967520ae23e8ee14888bae72809031b98398ae4a636773e18fff917d77679334','visiteur'),(66,'jlapworth1t@xinhuanet.com','967520ae23e8ee14888bae72809031b98398ae4a636773e18fff917d77679334','visiteur'),(67,'bsaltman1u@phoca.cz','967520ae23e8ee14888bae72809031b98398ae4a636773e18fff917d77679334','visiteur'),(68,'eboyn1v@list-manage.com','967520ae23e8ee14888bae72809031b98398ae4a636773e18fff917d77679334','admin'),(69,'pmcvanamy1w@barnesandnoble.com','967520ae23e8ee14888bae72809031b98398ae4a636773e18fff917d77679334','visiteur'),(70,'afranssen1x@hexun.com','967520ae23e8ee14888bae72809031b98398ae4a636773e18fff917d77679334','visiteur'),(71,'bdemattei1y@hexun.com','967520ae23e8ee14888bae72809031b98398ae4a636773e18fff917d77679334','visiteur'),(72,'kkinsell1z@cocolog-nifty.com','967520ae23e8ee14888bae72809031b98398ae4a636773e18fff917d77679334','visiteur'),(73,'jcurnok20@springer.com','967520ae23e8ee14888bae72809031b98398ae4a636773e18fff917d77679334','visiteur'),(74,'llambole21@free.fr','967520ae23e8ee14888bae72809031b98398ae4a636773e18fff917d77679334','visiteur'),(75,'cgirkins22@nydailynews.com','967520ae23e8ee14888bae72809031b98398ae4a636773e18fff917d77679334','visiteur'),(76,'tbrade23@si.edu','967520ae23e8ee14888bae72809031b98398ae4a636773e18fff917d77679334','visiteur'),(77,'mdunhill24@wsj.com','967520ae23e8ee14888bae72809031b98398ae4a636773e18fff917d77679334','visiteur'),(78,'fshelton25@arizona.edu','967520ae23e8ee14888bae72809031b98398ae4a636773e18fff917d77679334','visiteur'),(79,'yducrow26@webeden.co.uk','967520ae23e8ee14888bae72809031b98398ae4a636773e18fff917d77679334','visiteur'),(80,'pstace27@marketwatch.com','967520ae23e8ee14888bae72809031b98398ae4a636773e18fff917d77679334','visiteur'),(81,'zshowell28@wp.com','967520ae23e8ee14888bae72809031b98398ae4a636773e18fff917d77679334','visiteur'),(82,'pseymour29@biglobe.ne.jp','967520ae23e8ee14888bae72809031b98398ae4a636773e18fff917d77679334','visiteur'),(83,'lastlett2a@nih.gov','967520ae23e8ee14888bae72809031b98398ae4a636773e18fff917d77679334','visiteur'),(84,'hrailton2b@boston.com','967520ae23e8ee14888bae72809031b98398ae4a636773e18fff917d77679334','visiteur'),(85,'rgosdin2c@bing.com','967520ae23e8ee14888bae72809031b98398ae4a636773e18fff917d77679334','visiteur'),(86,'tdavidsohn2d@a8.net','967520ae23e8ee14888bae72809031b98398ae4a636773e18fff917d77679334','visiteur'),(87,'abuxy2e@instagram.com','967520ae23e8ee14888bae72809031b98398ae4a636773e18fff917d77679334','admin'),(88,'smcneillie2f@abc.net.au','967520ae23e8ee14888bae72809031b98398ae4a636773e18fff917d77679334','visiteur'),(89,'clissett2g@tamu.edu','967520ae23e8ee14888bae72809031b98398ae4a636773e18fff917d77679334','visiteur'),(90,'mkurtis2h@usatoday.com','967520ae23e8ee14888bae72809031b98398ae4a636773e18fff917d77679334','visiteur'),(91,'tbradder2i@nature.com','967520ae23e8ee14888bae72809031b98398ae4a636773e18fff917d77679334','visiteur'),(92,'phuntar2j@a8.net','967520ae23e8ee14888bae72809031b98398ae4a636773e18fff917d77679334','visiteur'),(93,'pduckitt2k@domainmarket.com','967520ae23e8ee14888bae72809031b98398ae4a636773e18fff917d77679334','visiteur'),(94,'vsarney2l@live.com','967520ae23e8ee14888bae72809031b98398ae4a636773e18fff917d77679334','visiteur'),(95,'bmcleman2m@mac.com','967520ae23e8ee14888bae72809031b98398ae4a636773e18fff917d77679334','visiteur'),(96,'hollander2n@oakley.com','967520ae23e8ee14888bae72809031b98398ae4a636773e18fff917d77679334','visiteur'),(97,'hdesport2o@nytimes.com','967520ae23e8ee14888bae72809031b98398ae4a636773e18fff917d77679334','visiteur'),(98,'cbartholin2p@indiegogo.com','967520ae23e8ee14888bae72809031b98398ae4a636773e18fff917d77679334','visiteur'),(99,'akirton2q@boston.com','967520ae23e8ee14888bae72809031b98398ae4a636773e18fff917d77679334','visiteur'),(100,'bdaintier2r@sciencedaily.com','967520ae23e8ee14888bae72809031b98398ae4a636773e18fff917d77679334','visiteur'),(101,'dwinnett2s@vimeo.com','967520ae23e8ee14888bae72809031b98398ae4a636773e18fff917d77679334','visiteur'),(102,'mbewick2t@digg.com','967520ae23e8ee14888bae72809031b98398ae4a636773e18fff917d77679334','visiteur'),(103,'bchessor2u@ezinearticles.com','967520ae23e8ee14888bae72809031b98398ae4a636773e18fff917d77679334','admin'),(104,'rorchart2v@chicagotribune.com','967520ae23e8ee14888bae72809031b98398ae4a636773e18fff917d77679334','visiteur'),(105,'mreinisch2w@squidoo.com','967520ae23e8ee14888bae72809031b98398ae4a636773e18fff917d77679334','visiteur'),(106,'gleafe2x@4shared.com','967520ae23e8ee14888bae72809031b98398ae4a636773e18fff917d77679334','visiteur'),(107,'cshapcote2y@mediafire.com','967520ae23e8ee14888bae72809031b98398ae4a636773e18fff917d77679334','visiteur'),(108,'hharrisson2z@un.org','967520ae23e8ee14888bae72809031b98398ae4a636773e18fff917d77679334','visiteur'),(109,'hbatts30@flavors.me','967520ae23e8ee14888bae72809031b98398ae4a636773e18fff917d77679334','visiteur'),(110,'bedison31@adobe.com','967520ae23e8ee14888bae72809031b98398ae4a636773e18fff917d77679334','visiteur'),(111,'pcranna32@reddit.com','967520ae23e8ee14888bae72809031b98398ae4a636773e18fff917d77679334','visiteur'),(112,'awillwood33@youtu.be','967520ae23e8ee14888bae72809031b98398ae4a636773e18fff917d77679334','visiteur'),(113,'wcastagnet34@unesco.org','967520ae23e8ee14888bae72809031b98398ae4a636773e18fff917d77679334','visiteur'),(114,'sbrendish35@samsung.com','967520ae23e8ee14888bae72809031b98398ae4a636773e18fff917d77679334','visiteur'),(115,'mskoof36@irs.gov','967520ae23e8ee14888bae72809031b98398ae4a636773e18fff917d77679334','visiteur'),(116,'mspringtorp37@twitter.com','967520ae23e8ee14888bae72809031b98398ae4a636773e18fff917d77679334','visiteur'),(117,'bcharlon38@theglobeandmail.com','967520ae23e8ee14888bae72809031b98398ae4a636773e18fff917d77679334','visiteur'),(118,'dusborn39@vk.com','967520ae23e8ee14888bae72809031b98398ae4a636773e18fff917d77679334','visiteur'),(119,'jcottel3a@a8.net','967520ae23e8ee14888bae72809031b98398ae4a636773e18fff917d77679334','visiteur'),(120,'fwhetnell3b@abc.net.au','967520ae23e8ee14888bae72809031b98398ae4a636773e18fff917d77679334','visiteur'),(121,'bellyatt3c@about.com','967520ae23e8ee14888bae72809031b98398ae4a636773e18fff917d77679334','visiteur'),(122,'mfahy3d@e-recht24.de','967520ae23e8ee14888bae72809031b98398ae4a636773e18fff917d77679334','visiteur'),(123,'jpersehouse3e@spotify.com','967520ae23e8ee14888bae72809031b98398ae4a636773e18fff917d77679334','visiteur'),(124,'asuett3f@youtu.be','967520ae23e8ee14888bae72809031b98398ae4a636773e18fff917d77679334','visiteur'),(125,'elovelock3g@multiply.com','967520ae23e8ee14888bae72809031b98398ae4a636773e18fff917d77679334','visiteur'),(126,'smatieu3h@salon.com','967520ae23e8ee14888bae72809031b98398ae4a636773e18fff917d77679334','visiteur'),(127,'cnaismith3i@meetup.com','967520ae23e8ee14888bae72809031b98398ae4a636773e18fff917d77679334','visiteur'),(128,'pgreiser3j@army.mil','967520ae23e8ee14888bae72809031b98398ae4a636773e18fff917d77679334','visiteur'),(129,'mhazeldine3k@163.com','967520ae23e8ee14888bae72809031b98398ae4a636773e18fff917d77679334','visiteur'),(130,'bgatward3l@theguardian.com','967520ae23e8ee14888bae72809031b98398ae4a636773e18fff917d77679334','visiteur'),(131,'hrayson3m@mashable.com','967520ae23e8ee14888bae72809031b98398ae4a636773e18fff917d77679334','visiteur'),(132,'fgillie3n@angelfire.com','967520ae23e8ee14888bae72809031b98398ae4a636773e18fff917d77679334','admin'),(133,'ojohncey3o@google.com','967520ae23e8ee14888bae72809031b98398ae4a636773e18fff917d77679334','visiteur'),(134,'smouget3p@123-reg.co.uk','967520ae23e8ee14888bae72809031b98398ae4a636773e18fff917d77679334','visiteur'),(135,'slydford3q@amazon.de','967520ae23e8ee14888bae72809031b98398ae4a636773e18fff917d77679334','visiteur'),(136,'hjanku3r@webeden.co.uk','967520ae23e8ee14888bae72809031b98398ae4a636773e18fff917d77679334','visiteur'),(137,'bferber3s@gmpg.org','967520ae23e8ee14888bae72809031b98398ae4a636773e18fff917d77679334','admin'),(138,'clampkin3t@wiley.com','967520ae23e8ee14888bae72809031b98398ae4a636773e18fff917d77679334','visiteur'),(139,'vinnott3u@ox.ac.uk','967520ae23e8ee14888bae72809031b98398ae4a636773e18fff917d77679334','visiteur'),(140,'imcgillecole3v@dedecms.com','967520ae23e8ee14888bae72809031b98398ae4a636773e18fff917d77679334','visiteur'),(141,'tstarmont3w@hhs.gov','967520ae23e8ee14888bae72809031b98398ae4a636773e18fff917d77679334','visiteur'),(142,'cbittany3x@livejournal.com','967520ae23e8ee14888bae72809031b98398ae4a636773e18fff917d77679334','visiteur'),(143,'cruggieri3y@nymag.com','967520ae23e8ee14888bae72809031b98398ae4a636773e18fff917d77679334','visiteur'),(144,'melijah3z@microsoft.com','967520ae23e8ee14888bae72809031b98398ae4a636773e18fff917d77679334','visiteur'),(145,'ubills40@ifeng.com','967520ae23e8ee14888bae72809031b98398ae4a636773e18fff917d77679334','visiteur'),(146,'tscarce41@printfriendly.com','967520ae23e8ee14888bae72809031b98398ae4a636773e18fff917d77679334','visiteur'),(147,'ahambidge42@istockphoto.com','967520ae23e8ee14888bae72809031b98398ae4a636773e18fff917d77679334','visiteur'),(148,'djantot43@berkeley.edu','967520ae23e8ee14888bae72809031b98398ae4a636773e18fff917d77679334','visiteur'),(149,'rcockaday44@blogspot.com','967520ae23e8ee14888bae72809031b98398ae4a636773e18fff917d77679334','visiteur'),(150,'sdeavall45@npr.org','967520ae23e8ee14888bae72809031b98398ae4a636773e18fff917d77679334','visiteur'),(151,'wbriar46@npr.org','967520ae23e8ee14888bae72809031b98398ae4a636773e18fff917d77679334','admin'),(152,'zlucien47@exblog.jp','967520ae23e8ee14888bae72809031b98398ae4a636773e18fff917d77679334','visiteur'),(153,'anannoni48@cisco.com','967520ae23e8ee14888bae72809031b98398ae4a636773e18fff917d77679334','visiteur'),(154,'jdowbakin49@google.nl','967520ae23e8ee14888bae72809031b98398ae4a636773e18fff917d77679334','visiteur'),(155,'sdellit4a@epa.gov','967520ae23e8ee14888bae72809031b98398ae4a636773e18fff917d77679334','visiteur'),(156,'ehallford4b@ovh.net','967520ae23e8ee14888bae72809031b98398ae4a636773e18fff917d77679334','visiteur'),(157,'nhambrook4c@1und1.de','967520ae23e8ee14888bae72809031b98398ae4a636773e18fff917d77679334','visiteur'),(158,'mevershed4d@jigsy.com','967520ae23e8ee14888bae72809031b98398ae4a636773e18fff917d77679334','visiteur'),(159,'gcuthbert4e@unicef.org','967520ae23e8ee14888bae72809031b98398ae4a636773e18fff917d77679334','visiteur'),(160,'akleewein4f@spiegel.de','967520ae23e8ee14888bae72809031b98398ae4a636773e18fff917d77679334','visiteur'),(161,'jclitheroe4g@fotki.com','967520ae23e8ee14888bae72809031b98398ae4a636773e18fff917d77679334','visiteur'),(162,'hduly4h@comcast.net','967520ae23e8ee14888bae72809031b98398ae4a636773e18fff917d77679334','visiteur'),(163,'mwand4i@weebly.com','967520ae23e8ee14888bae72809031b98398ae4a636773e18fff917d77679334','visiteur'),(164,'hridulfo4j@wunderground.com','967520ae23e8ee14888bae72809031b98398ae4a636773e18fff917d77679334','visiteur'),(165,'hdinnis4k@uol.com.br','967520ae23e8ee14888bae72809031b98398ae4a636773e18fff917d77679334','visiteur'),(166,'ehovenden4l@theglobeandmail.com','967520ae23e8ee14888bae72809031b98398ae4a636773e18fff917d77679334','admin'),(167,'nogilby4m@google.ru','967520ae23e8ee14888bae72809031b98398ae4a636773e18fff917d77679334','visiteur'),(168,'yelks4n@uol.com.br','967520ae23e8ee14888bae72809031b98398ae4a636773e18fff917d77679334','visiteur'),(169,'mmarchelli4o@nsw.gov.au','967520ae23e8ee14888bae72809031b98398ae4a636773e18fff917d77679334','visiteur'),(170,'bbaiyle4p@bizjournals.com','967520ae23e8ee14888bae72809031b98398ae4a636773e18fff917d77679334','admin'),(171,'tmcneely4q@deviantart.com','967520ae23e8ee14888bae72809031b98398ae4a636773e18fff917d77679334','admin'),(172,'bfarncombe4r@dion.ne.jp','967520ae23e8ee14888bae72809031b98398ae4a636773e18fff917d77679334','visiteur'),(173,'dwhittington4s@networkadvertising.org','967520ae23e8ee14888bae72809031b98398ae4a636773e18fff917d77679334','visiteur'),(174,'pbilbrey4t@umn.edu','967520ae23e8ee14888bae72809031b98398ae4a636773e18fff917d77679334','visiteur'),(175,'estowte4u@wired.com','967520ae23e8ee14888bae72809031b98398ae4a636773e18fff917d77679334','visiteur'),(176,'hwadesworth4v@redcross.org','967520ae23e8ee14888bae72809031b98398ae4a636773e18fff917d77679334','visiteur'),(177,'nbraisby4w@upenn.edu','967520ae23e8ee14888bae72809031b98398ae4a636773e18fff917d77679334','visiteur'),(178,'dgingel4x@trellian.com','967520ae23e8ee14888bae72809031b98398ae4a636773e18fff917d77679334','visiteur'),(179,'oswaisland4y@diigo.com','967520ae23e8ee14888bae72809031b98398ae4a636773e18fff917d77679334','visiteur'),(180,'dshortell4z@slate.com','967520ae23e8ee14888bae72809031b98398ae4a636773e18fff917d77679334','visiteur'),(181,'ffishwick50@storify.com','967520ae23e8ee14888bae72809031b98398ae4a636773e18fff917d77679334','visiteur'),(182,'aalbarez51@wikimedia.org','967520ae23e8ee14888bae72809031b98398ae4a636773e18fff917d77679334','visiteur'),(183,'baleswell52@nasa.gov','967520ae23e8ee14888bae72809031b98398ae4a636773e18fff917d77679334','visiteur'),(184,'ltwining53@webs.com','967520ae23e8ee14888bae72809031b98398ae4a636773e18fff917d77679334','visiteur'),(185,'rtomashov54@hp.com','967520ae23e8ee14888bae72809031b98398ae4a636773e18fff917d77679334','admin'),(186,'hlarking55@shareasale.com','967520ae23e8ee14888bae72809031b98398ae4a636773e18fff917d77679334','visiteur'),(187,'ucaspell56@loc.gov','967520ae23e8ee14888bae72809031b98398ae4a636773e18fff917d77679334','visiteur'),(188,'bhammersley57@jugem.jp','967520ae23e8ee14888bae72809031b98398ae4a636773e18fff917d77679334','visiteur'),(189,'wcudbertson58@123-reg.co.uk','967520ae23e8ee14888bae72809031b98398ae4a636773e18fff917d77679334','visiteur'),(190,'aeinchcombe59@macromedia.com','967520ae23e8ee14888bae72809031b98398ae4a636773e18fff917d77679334','visiteur'),(191,'dshannon5a@mtv.com','967520ae23e8ee14888bae72809031b98398ae4a636773e18fff917d77679334','visiteur'),(192,'pgaywood5b@desdev.cn','967520ae23e8ee14888bae72809031b98398ae4a636773e18fff917d77679334','visiteur'),(193,'nengley5c@wordpress.com','967520ae23e8ee14888bae72809031b98398ae4a636773e18fff917d77679334','visiteur'),(194,'aholmes5d@aol.com','967520ae23e8ee14888bae72809031b98398ae4a636773e18fff917d77679334','visiteur'),(195,'espur5e@ning.com','967520ae23e8ee14888bae72809031b98398ae4a636773e18fff917d77679334','admin'),(196,'drapsey5f@google.co.uk','967520ae23e8ee14888bae72809031b98398ae4a636773e18fff917d77679334','visiteur'),(197,'hlipgens5g@japanpost.jp','967520ae23e8ee14888bae72809031b98398ae4a636773e18fff917d77679334','visiteur'),(198,'sedens5h@bbc.co.uk','967520ae23e8ee14888bae72809031b98398ae4a636773e18fff917d77679334','visiteur'),(199,'imcvey5i@ucoz.com','967520ae23e8ee14888bae72809031b98398ae4a636773e18fff917d77679334','visiteur'),(200,'hdorin5j@storify.com','967520ae23e8ee14888bae72809031b98398ae4a636773e18fff917d77679334','visiteur'),(201,'jvurley5k@imgur.com','967520ae23e8ee14888bae72809031b98398ae4a636773e18fff917d77679334','visiteur'),(202,'mhearnes5l@patch.com','967520ae23e8ee14888bae72809031b98398ae4a636773e18fff917d77679334','visiteur'),(203,'sflay5m@va.gov','967520ae23e8ee14888bae72809031b98398ae4a636773e18fff917d77679334','visiteur'),(204,'cleveret5n@rakuten.co.jp','967520ae23e8ee14888bae72809031b98398ae4a636773e18fff917d77679334','visiteur'),(205,'sshoulders5o@latimes.com','967520ae23e8ee14888bae72809031b98398ae4a636773e18fff917d77679334','visiteur'),(206,'rbore5p@theatlantic.com','967520ae23e8ee14888bae72809031b98398ae4a636773e18fff917d77679334','admin'),(207,'ftoffalo5q@live.com','967520ae23e8ee14888bae72809031b98398ae4a636773e18fff917d77679334','visiteur'),(208,'scatterall5r@wired.com','967520ae23e8ee14888bae72809031b98398ae4a636773e18fff917d77679334','visiteur'),(209,'ajuzek5s@japanpost.jp','967520ae23e8ee14888bae72809031b98398ae4a636773e18fff917d77679334','visiteur'),(210,'nmacura5t@instagram.com','967520ae23e8ee14888bae72809031b98398ae4a636773e18fff917d77679334','visiteur'),(211,'lgwalter5u@last.fm','967520ae23e8ee14888bae72809031b98398ae4a636773e18fff917d77679334','visiteur'),(212,'jexon5v@woothemes.com','967520ae23e8ee14888bae72809031b98398ae4a636773e18fff917d77679334','visiteur'),(213,'tgoosey5w@cnn.com','967520ae23e8ee14888bae72809031b98398ae4a636773e18fff917d77679334','visiteur'),(214,'abloxsom5x@paginegialle.it','967520ae23e8ee14888bae72809031b98398ae4a636773e18fff917d77679334','visiteur'),(215,'bbelliveau5y@51.la','967520ae23e8ee14888bae72809031b98398ae4a636773e18fff917d77679334','visiteur'),(216,'hfarmiloe5z@technorati.com','967520ae23e8ee14888bae72809031b98398ae4a636773e18fff917d77679334','visiteur'),(217,'dmatticci60@prlog.org','967520ae23e8ee14888bae72809031b98398ae4a636773e18fff917d77679334','admin'),(218,'mmolder61@chron.com','967520ae23e8ee14888bae72809031b98398ae4a636773e18fff917d77679334','visiteur'),(219,'sgaul62@netlog.com','967520ae23e8ee14888bae72809031b98398ae4a636773e18fff917d77679334','visiteur'),(220,'cpoutress63@php.net','967520ae23e8ee14888bae72809031b98398ae4a636773e18fff917d77679334','visiteur'),(221,'bstoltz64@g.co','967520ae23e8ee14888bae72809031b98398ae4a636773e18fff917d77679334','visiteur'),(222,'jrubica65@go.com','967520ae23e8ee14888bae72809031b98398ae4a636773e18fff917d77679334','visiteur'),(223,'bwych66@guardian.co.uk','967520ae23e8ee14888bae72809031b98398ae4a636773e18fff917d77679334','visiteur'),(224,'dchildren67@seattletimes.com','967520ae23e8ee14888bae72809031b98398ae4a636773e18fff917d77679334','visiteur'),(225,'skenningley68@tamu.edu','967520ae23e8ee14888bae72809031b98398ae4a636773e18fff917d77679334','visiteur'),(226,'pprandin69@europa.eu','967520ae23e8ee14888bae72809031b98398ae4a636773e18fff917d77679334','visiteur'),(227,'fbucktharp6a@domainmarket.com','967520ae23e8ee14888bae72809031b98398ae4a636773e18fff917d77679334','visiteur'),(228,'asimmans6b@dedecms.com','967520ae23e8ee14888bae72809031b98398ae4a636773e18fff917d77679334','visiteur'),(229,'hosheils6c@state.tx.us','967520ae23e8ee14888bae72809031b98398ae4a636773e18fff917d77679334','visiteur'),(230,'mgorke6d@nba.com','967520ae23e8ee14888bae72809031b98398ae4a636773e18fff917d77679334','visiteur'),(231,'rkelby6e@shutterfly.com','967520ae23e8ee14888bae72809031b98398ae4a636773e18fff917d77679334','visiteur'),(232,'vstihl6f@google.de','967520ae23e8ee14888bae72809031b98398ae4a636773e18fff917d77679334','visiteur'),(233,'mgreenwell6g@marketwatch.com','967520ae23e8ee14888bae72809031b98398ae4a636773e18fff917d77679334','visiteur'),(234,'fiacomelli6h@reverbnation.com','967520ae23e8ee14888bae72809031b98398ae4a636773e18fff917d77679334','visiteur'),(235,'dmercer6i@bluehost.com','967520ae23e8ee14888bae72809031b98398ae4a636773e18fff917d77679334','visiteur'),(236,'spaddeley6j@issuu.com','967520ae23e8ee14888bae72809031b98398ae4a636773e18fff917d77679334','visiteur'),(237,'rdewdeny6k@constantcontact.com','967520ae23e8ee14888bae72809031b98398ae4a636773e18fff917d77679334','visiteur'),(238,'fyakebovitch6l@dagondesign.com','967520ae23e8ee14888bae72809031b98398ae4a636773e18fff917d77679334','visiteur'),(239,'jgallo6m@goodreads.com','967520ae23e8ee14888bae72809031b98398ae4a636773e18fff917d77679334','visiteur'),(240,'tcufflin6n@ibm.com','967520ae23e8ee14888bae72809031b98398ae4a636773e18fff917d77679334','visiteur'),(241,'aanyene6o@goodreads.com','967520ae23e8ee14888bae72809031b98398ae4a636773e18fff917d77679334','visiteur'),(242,'pmillthorpe6p@dailymail.co.uk','967520ae23e8ee14888bae72809031b98398ae4a636773e18fff917d77679334','admin'),(243,'adobrovolski6q@sogou.com','967520ae23e8ee14888bae72809031b98398ae4a636773e18fff917d77679334','visiteur'),(244,'aconew6r@themeforest.net','967520ae23e8ee14888bae72809031b98398ae4a636773e18fff917d77679334','visiteur'),(245,'meake6s@house.gov','967520ae23e8ee14888bae72809031b98398ae4a636773e18fff917d77679334','visiteur'),(246,'acornes6t@flavors.me','967520ae23e8ee14888bae72809031b98398ae4a636773e18fff917d77679334','visiteur'),(247,'gmoretto6u@boston.com','967520ae23e8ee14888bae72809031b98398ae4a636773e18fff917d77679334','visiteur'),(248,'smcalarney6v@elegantthemes.com','967520ae23e8ee14888bae72809031b98398ae4a636773e18fff917d77679334','admin'),(249,'kdaws6w@addtoany.com','967520ae23e8ee14888bae72809031b98398ae4a636773e18fff917d77679334','visiteur'),(250,'jmankor6x@goodreads.com','967520ae23e8ee14888bae72809031b98398ae4a636773e18fff917d77679334','visiteur'),(251,'cbordiss6y@wordpress.org','967520ae23e8ee14888bae72809031b98398ae4a636773e18fff917d77679334','admin'),(252,'askedgell6z@spiegel.de','967520ae23e8ee14888bae72809031b98398ae4a636773e18fff917d77679334','visiteur'),(253,'neasey70@devhub.com','967520ae23e8ee14888bae72809031b98398ae4a636773e18fff917d77679334','visiteur'),(254,'ktregona71@opera.com','967520ae23e8ee14888bae72809031b98398ae4a636773e18fff917d77679334','visiteur'),(255,'lstrettle72@mail.ru','967520ae23e8ee14888bae72809031b98398ae4a636773e18fff917d77679334','admin'),(256,'oandreone73@umn.edu','967520ae23e8ee14888bae72809031b98398ae4a636773e18fff917d77679334','visiteur'),(257,'lsnowling74@typepad.com','967520ae23e8ee14888bae72809031b98398ae4a636773e18fff917d77679334','visiteur'),(258,'aaspinwall75@technorati.com','967520ae23e8ee14888bae72809031b98398ae4a636773e18fff917d77679334','visiteur'),(259,'vpopley76@dmoz.org','967520ae23e8ee14888bae72809031b98398ae4a636773e18fff917d77679334','visiteur'),(260,'rfass77@howstuffworks.com','967520ae23e8ee14888bae72809031b98398ae4a636773e18fff917d77679334','visiteur'),(261,'lbohlsen78@google.ru','967520ae23e8ee14888bae72809031b98398ae4a636773e18fff917d77679334','visiteur'),(262,'eklesse79@admin.ch','967520ae23e8ee14888bae72809031b98398ae4a636773e18fff917d77679334','visiteur'),(263,'gblampied7a@soundcloud.com','967520ae23e8ee14888bae72809031b98398ae4a636773e18fff917d77679334','visiteur'),(264,'ktarquinio7b@yolasite.com','967520ae23e8ee14888bae72809031b98398ae4a636773e18fff917d77679334','visiteur'),(265,'hgallaway7c@smh.com.au','967520ae23e8ee14888bae72809031b98398ae4a636773e18fff917d77679334','visiteur'),(266,'tpetchell7d@jigsy.com','967520ae23e8ee14888bae72809031b98398ae4a636773e18fff917d77679334','visiteur'),(267,'tsommerlin7e@t.co','967520ae23e8ee14888bae72809031b98398ae4a636773e18fff917d77679334','visiteur'),(268,'harchambault7f@istockphoto.com','967520ae23e8ee14888bae72809031b98398ae4a636773e18fff917d77679334','visiteur'),(269,'aenston7g@mac.com','967520ae23e8ee14888bae72809031b98398ae4a636773e18fff917d77679334','visiteur'),(270,'tthynne7h@desdev.cn','967520ae23e8ee14888bae72809031b98398ae4a636773e18fff917d77679334','visiteur'),(271,'rcurrm7i@craigslist.org','967520ae23e8ee14888bae72809031b98398ae4a636773e18fff917d77679334','visiteur'),(272,'aferriman7j@youku.com','967520ae23e8ee14888bae72809031b98398ae4a636773e18fff917d77679334','visiteur'),(273,'wkelby7k@wufoo.com','967520ae23e8ee14888bae72809031b98398ae4a636773e18fff917d77679334','visiteur'),(274,'aellse7l@sakura.ne.jp','967520ae23e8ee14888bae72809031b98398ae4a636773e18fff917d77679334','visiteur'),(275,'kslimme7m@cyberchimps.com','967520ae23e8ee14888bae72809031b98398ae4a636773e18fff917d77679334','visiteur'),(276,'gsanford7n@infoseek.co.jp','967520ae23e8ee14888bae72809031b98398ae4a636773e18fff917d77679334','admin'),(277,'soneile7o@slideshare.net','967520ae23e8ee14888bae72809031b98398ae4a636773e18fff917d77679334','visiteur'),(278,'glamie7p@last.fm','967520ae23e8ee14888bae72809031b98398ae4a636773e18fff917d77679334','visiteur'),(279,'jbinney7q@clickbank.net','967520ae23e8ee14888bae72809031b98398ae4a636773e18fff917d77679334','visiteur'),(280,'jcharrington7r@wufoo.com','967520ae23e8ee14888bae72809031b98398ae4a636773e18fff917d77679334','visiteur'),(281,'bvanderwalt7s@howstuffworks.com','967520ae23e8ee14888bae72809031b98398ae4a636773e18fff917d77679334','admin'),(282,'nsondon7t@imdb.com','967520ae23e8ee14888bae72809031b98398ae4a636773e18fff917d77679334','visiteur'),(283,'mmacdearmaid7u@marketwatch.com','967520ae23e8ee14888bae72809031b98398ae4a636773e18fff917d77679334','visiteur'),(284,'kspinley7v@purevolume.com','967520ae23e8ee14888bae72809031b98398ae4a636773e18fff917d77679334','visiteur'),(285,'ksuddaby7w@topsy.com','967520ae23e8ee14888bae72809031b98398ae4a636773e18fff917d77679334','visiteur'),(286,'lelgey7x@feedburner.com','967520ae23e8ee14888bae72809031b98398ae4a636773e18fff917d77679334','visiteur'),(287,'shorning7y@is.gd','967520ae23e8ee14888bae72809031b98398ae4a636773e18fff917d77679334','visiteur'),(288,'mosullivan7z@mozilla.org','967520ae23e8ee14888bae72809031b98398ae4a636773e18fff917d77679334','visiteur'),(289,'ldigginson80@twitter.com','967520ae23e8ee14888bae72809031b98398ae4a636773e18fff917d77679334','visiteur'),(290,'fsings81@examiner.com','967520ae23e8ee14888bae72809031b98398ae4a636773e18fff917d77679334','visiteur'),(291,'rwhitehair82@imdb.com','967520ae23e8ee14888bae72809031b98398ae4a636773e18fff917d77679334','visiteur'),(292,'prispen83@wordpress.org','967520ae23e8ee14888bae72809031b98398ae4a636773e18fff917d77679334','visiteur'),(293,'lgierardi84@biblegateway.com','967520ae23e8ee14888bae72809031b98398ae4a636773e18fff917d77679334','visiteur'),(294,'rstones85@google.co.uk','967520ae23e8ee14888bae72809031b98398ae4a636773e18fff917d77679334','visiteur'),(295,'hjotcham86@marriott.com','967520ae23e8ee14888bae72809031b98398ae4a636773e18fff917d77679334','visiteur'),(296,'cdabell87@soundcloud.com','967520ae23e8ee14888bae72809031b98398ae4a636773e18fff917d77679334','visiteur'),(297,'ttammadge88@dropbox.com','967520ae23e8ee14888bae72809031b98398ae4a636773e18fff917d77679334','visiteur'),(298,'rdehm89@bbb.org','967520ae23e8ee14888bae72809031b98398ae4a636773e18fff917d77679334','visiteur'),(299,'spetruska8a@networkadvertising.org','967520ae23e8ee14888bae72809031b98398ae4a636773e18fff917d77679334','visiteur'),(300,'hhuws8b@europa.eu','967520ae23e8ee14888bae72809031b98398ae4a636773e18fff917d77679334','visiteur'),(301,'test@test.fr','967520ae23e8ee14888bae72809031b98398ae4a636773e18fff917d77679334','admin'),(302,'eliott18122003@gmail.com','967520ae23e8ee14888bae72809031b98398ae4a636773e18fff917d77679334','admin');
/*!40000 ALTER TABLE `user` ENABLE KEYS */;
UNLOCK TABLES;

--
-- Dumping routines for database 'Projet_Java'
--
/*!40103 SET TIME_ZONE=@OLD_TIME_ZONE */;

/*!40101 SET SQL_MODE=@OLD_SQL_MODE */;
/*!40014 SET FOREIGN_KEY_CHECKS=@OLD_FOREIGN_KEY_CHECKS */;
/*!40014 SET UNIQUE_CHECKS=@OLD_UNIQUE_CHECKS */;
/*!40101 SET CHARACTER_SET_CLIENT=@OLD_CHARACTER_SET_CLIENT */;
/*!40101 SET CHARACTER_SET_RESULTS=@OLD_CHARACTER_SET_RESULTS */;
/*!40101 SET COLLATION_CONNECTION=@OLD_COLLATION_CONNECTION */;
/*!40111 SET SQL_NOTES=@OLD_SQL_NOTES */;

-- Dump completed on 2023-06-06 23:43:42
